name	sequence	chr	start	end	strand	intended_target_name	intended_target_chr	intended_target_start	intended_target_end	intended_target_category	reporter	barcode	reporter_target_pos
PosControl__ABCA1_1_donorT__ABE_neg_p4_h1	AACAGGTATTTGTGAACTTT	chr9	107546722	107546742	-	ABCA1_1_donorT	chr9	107546738	107546738	PosControl	TCTTTTAACAGGTATTTGTGAACTTTGCCAAG	AACA	9
PosControl__ABCA1_1_donorT__ABE_neg_p5_h1	TAACAGGTATTTGTGAACTT	chr9	107546723	107546743	-	ABCA1_1_donorT	chr9	107546738	107546738	PosControl	ATCTTTTAACAGGTATTTGTGAACTTTGCCAA	CGCT	10
PosControl__ABCA1_1_donorT__ABE_neg_p6_h1	TTAACAGGTATTTGTGAACT	chr9	107546724	107546744	-	ABCA1_1_donorT	chr9	107546738	107546738	PosControl	AATCTTTTAACAGGTATTTGTGAACTTTGCCA	TGAG	11
PosControl__ABCA1_1_donorT__ABE_neg_p7_h1	TTTAACAGGTATTTGTGAAC	chr9	107546725	107546745	-	ABCA1_1_donorT	chr9	107546738	107546738	PosControl	TAATCTTTTAACAGGTATTTGTGAACTTTGCC	GTAT	12
PosControl__ABCA1_2_donorT__ABE_neg_p4_h1	TTCAGGTTTGGAGATGGTTA	chr9	107547906	107547926	-	ABCA1_2_donorT	chr9	107547922	107547922	PosControl	CCTGCTTTCAGGTTTGGAGATGGTTATACAAT	GGTA	9
PosControl__ABCA1_2_donorT__ABE_neg_p5_h1	TTTCAGGTTTGGAGATGGTT	chr9	107547907	107547927	-	ABCA1_2_donorT	chr9	107547922	107547922	PosControl	TCCTGCTTTCAGGTTTGGAGATGGTTATACAA	ACGC	10
PosControl__ABCA1_2_donorT__ABE_neg_p6_h1	CTTTCAGGTTTGGAGATGGT	chr9	107547908	107547928	-	ABCA1_2_donorT	chr9	107547922	107547922	PosControl	TTCCTGCTTTCAGGTTTGGAGATGGTTATACA	TGGA	11
PosControl__ABCA1_2_donorT__ABE_neg_p7_h1	CTTTCAGGTTTGGAGATGG	chr9	107547909	107547928	-	ABCA1_2_donorT	chr9	107547922	107547922	PosControl	TTTCCTGCTTTCAGGTTTGGAGATGGTTATAC	CCCA	12
PosControl__ABCA1_2_donorT__ABE_neg_p8_h1	TGCTTTCAGGTTTGGAGATG	chr9	107547910	107547930	-	ABCA1_2_donorT	chr9	107547922	107547922	PosControl	TTTTCCTGCTTTCAGGTTTGGAGATGGTTATA	ACAT	13
Variant__1_25253604_hg38_G_A__ABE_pos_p4_h2	TCCACCCACCTCGCCTCCCA	chr1	25580092	25580112	+	1_25253604_hg38_G_A	chr1	25580095	25580095	Variant	AGGTGATCCACCCACCTCGCCTCCCAAAGTGC	AGTC	9
Variant__1_25253604_hg38_G_A__ABE_pos_p5_h2	ATCCACCCACCTCGCCTCCC	chr1	25580091	25580111	+	1_25253604_hg38_G_A	chr1	25580095	25580095	Variant	CAGGTGATCCACCCACCTCGCCTCCCAAAGTG	TGTA	10
Variant__1_25253604_hg38_G_A__ABE_pos_p6_h2	ATCCACCCACCTCGCCTCC	chr1	25580091	25580110	+	1_25253604_hg38_G_A	chr1	25580095	25580095	Variant	TCAGGTGATCCACCCACCTCGCCTCCCAAAGT	TCAT	11
Variant__1_25253604_hg38_G_A__ABE_pos_p7_h2	TGATCCACCCACCTCGCCTC	chr1	25580089	25580109	+	1_25253604_hg38_G_A	chr1	25580095	25580095	Variant	CTCAGGTGATCCACCCACCTCGCCTCCCAAAG	CTTG	12
Variant__1_25253604_hg38_G_A__ABE_pos_p8_h2	TGATCCACCCACCTCGCCT	chr1	25580089	25580108	+	1_25253604_hg38_G_A	chr1	25580095	25580095	Variant	CCTCAGGTGATCCACCCACCTCGCCTCCCAAA	CACC	13
NegControl_1_g1	CCTACGCGGTAGGGAACTTT			20						NegControl	CCAAGCCCTACGCGGTAGGGAACTTTGGGAGC	AGTA	9
NegControl_1_g2	CCCTACGCGGTAGGGAACTT			20						NegControl	TCCAAGCCCTACGCGGTAGGGAACTTTGGGAG	ACGT	10
NegControl_1_g4	AGCCCTACGCGGTAGGGAAC			20						NegControl	CGTCCAAGCCCTACGCGGTAGGGAACTTTGGG	GGTA	12
NegControl_1_g5	AAGCCCTACGCGGTAGGGAA			20						NegControl	ACGTCCAAGCCCTACGCGGTAGGGAACTTTGG	ACGC	13